indicator_code,indicator,country_code,country,year,value
SH.XPD.CHEX.GD.ZS,Health expenditure (% of GDP),CAN,Canada,2000,8.24808502
SH.XPD.CHEX.GD.ZS,Health expenditure (% of GDP),CAN,Canada,2001,8.62476349
SH.XPD.CHEX.GD.ZS,Health expenditure (% of GDP),CAN,Canada,2002,8.85665226
SH.XPD.CHEX.GD.ZS,Health expenditure (% of GDP),CAN,Canada,2003,9.01086521
SH.XPD.CHEX.GD.ZS,Health expenditure (% of GDP),CAN,Canada,2004,9.06623363
SH.XPD.CHEX.GD.ZS,Health expenditure (% of GDP),CAN,Canada,2005,9.03529835
SH.XPD.CHEX.GD.ZS,Health expenditure (% of GDP),CAN,Canada,2006,9.33188725
SH.XPD.CHEX.GD.ZS,Health expenditure (% of GDP),CAN,Canada,2007,9.4346962
SH.XPD.CHEX.GD.ZS,Health expenditure (% of GDP),CAN,Canada,2008,9.59427929
SH.XPD.CHEX.GD.ZS,Health expenditure (% of GDP),CAN,Canada,2009,10.70402527
SH.XPD.CHEX.GD.ZS,Health expenditure (% of GDP),CAN,Canada,2010,10.70066547
SH.XPD.CHEX.GD.ZS,Health expenditure (% of GDP),CAN,Canada,2011,10.40518665
SH.XPD.CHEX.GD.ZS,Health expenditure (% of GDP),CAN,Canada,2012,10.5407114
SH.XPD.CHEX.GD.ZS,Health expenditure (% of GDP),CAN,Canada,2013,10.43559265
SH.XPD.CHEX.GD.ZS,Health expenditure (% of GDP),CAN,Canada,2014,10.28115654
SH.XPD.CHEX.GD.ZS,Health expenditure (% of GDP),CAN,Canada,2015,10.76397896
SH.XPD.CHEX.GD.ZS,Health expenditure (% of GDP),CAN,Canada,2016,11.05626965
SH.XPD.CHEX.GD.ZS,Health expenditure (% of GDP),CAN,Canada,2017,10.9242115
SH.XPD.CHEX.GD.ZS,Health expenditure (% of GDP),CAN,Canada,2018,10.92262077
SH.XPD.CHEX.GD.ZS,Health expenditure (% of GDP),CAN,Canada,2019,11.04823494
SH.XPD.CHEX.GD.ZS,Health expenditure (% of GDP),CAN,Canada,2020,13.01732922
SH.XPD.CHEX.GD.ZS,Health expenditure (% of GDP),CAN,Canada,2021,12.38106632
SH.XPD.CHEX.GD.ZS,Health expenditure (% of GDP),CAN,Canada,2022,11.08119678
SH.XPD.CHEX.GD.ZS,Health expenditure (% of GDP),CAN,Canada,2023,11.18692875
SH.XPD.CHEX.GD.ZS,Health expenditure (% of GDP),CAN,Canada,2024,11.3095665
SH.XPD.CHEX.GD.ZS,Health expenditure (% of GDP),FRA,France,2000,9.61744022
SH.XPD.CHEX.GD.ZS,Health expenditure (% of GDP),FRA,France,2001,9.75719261
SH.XPD.CHEX.GD.ZS,Health expenditure (% of GDP),FRA,France,2002,10.08250141
SH.XPD.CHEX.GD.ZS,Health expenditure (% of GDP),FRA,France,2003,10.13474941
SH.XPD.CHEX.GD.ZS,Health expenditure (% of GDP),FRA,France,2004,10.2117033
SH.XPD.CHEX.GD.ZS,Health expenditure (% of GDP),FRA,France,2005,10.23720551
SH.XPD.CHEX.GD.ZS,Health expenditure (% of GDP),FRA,France,2006,10.39764977
SH.XPD.CHEX.GD.ZS,Health expenditure (% of GDP),FRA,France,2007,10.33418846
SH.XPD.CHEX.GD.ZS,Health expenditure (% of GDP),FRA,France,2008,10.51340675
SH.XPD.CHEX.GD.ZS,Health expenditure (% of GDP),FRA,France,2009,11.29095459
SH.XPD.CHEX.GD.ZS,Health expenditure (% of GDP),FRA,France,2010,11.22430801
SH.XPD.CHEX.GD.ZS,Health expenditure (% of GDP),FRA,France,2011,11.17601013
SH.XPD.CHEX.GD.ZS,Health expenditure (% of GDP),FRA,France,2012,11.33749485
SH.XPD.CHEX.GD.ZS,Health expenditure (% of GDP),FRA,France,2013,11.37891197
SH.XPD.CHEX.GD.ZS,Health expenditure (% of GDP),FRA,France,2014,11.57935429
SH.XPD.CHEX.GD.ZS,Health expenditure (% of GDP),FRA,France,2015,11.50032997
SH.XPD.CHEX.GD.ZS,Health expenditure (% of GDP),FRA,France,2016,11.57036018
SH.XPD.CHEX.GD.ZS,Health expenditure (% of GDP),FRA,France,2017,11.44944572
SH.XPD.CHEX.GD.ZS,Health expenditure (% of GDP),FRA,France,2018,11.30847645
SH.XPD.CHEX.GD.ZS,Health expenditure (% of GDP),FRA,France,2019,11.17058277
SH.XPD.CHEX.GD.ZS,Health expenditure (% of GDP),FRA,France,2020,12.12949371
SH.XPD.CHEX.GD.ZS,Health expenditure (% of GDP),FRA,France,2021,12.24894238
SH.XPD.CHEX.GD.ZS,Health expenditure (% of GDP),FRA,France,2022,11.82888794
SH.XPD.CHEX.GD.ZS,Health expenditure (% of GDP),FRA,France,2023,11.51974583
SH.XPD.CHEX.GD.ZS,Health expenditure (% of GDP),FRA,France,2024,11.53530598
SH.XPD.CHEX.GD.ZS,Health expenditure (% of GDP),DEU,Germany,2000,9.75930405
SH.XPD.CHEX.GD.ZS,Health expenditure (% of GDP),DEU,Germany,2001,9.78105545
SH.XPD.CHEX.GD.ZS,Health expenditure (% of GDP),DEU,Germany,2002,10.028965
SH.XPD.CHEX.GD.ZS,Health expenditure (% of GDP),DEU,Germany,2003,10.22255325
SH.XPD.CHEX.GD.ZS,Health expenditure (% of GDP),DEU,Germany,2004,9.97466278
SH.XPD.CHEX.GD.ZS,Health expenditure (% of GDP),DEU,Germany,2005,10.1068058
SH.XPD.CHEX.GD.ZS,Health expenditure (% of GDP),DEU,Germany,2006,9.96236897
SH.XPD.CHEX.GD.ZS,Health expenditure (% of GDP),DEU,Germany,2007,9.83482933
SH.XPD.CHEX.GD.ZS,Health expenditure (% of GDP),DEU,Germany,2008,10.03185749
SH.XPD.CHEX.GD.ZS,Health expenditure (% of GDP),DEU,Germany,2009,10.97003078
SH.XPD.CHEX.GD.ZS,Health expenditure (% of GDP),DEU,Germany,2010,10.8311739
SH.XPD.CHEX.GD.ZS,Health expenditure (% of GDP),DEU,Germany,2011,10.52106953
SH.XPD.CHEX.GD.ZS,Health expenditure (% of GDP),DEU,Germany,2012,10.59356213
SH.XPD.CHEX.GD.ZS,Health expenditure (% of GDP),DEU,Germany,2013,10.7432127
SH.XPD.CHEX.GD.ZS,Health expenditure (% of GDP),DEU,Germany,2014,10.76819706
SH.XPD.CHEX.GD.ZS,Health expenditure (% of GDP),DEU,Germany,2015,10.92317677
SH.XPD.CHEX.GD.ZS,Health expenditure (% of GDP),DEU,Germany,2016,10.97133732
SH.XPD.CHEX.GD.ZS,Health expenditure (% of GDP),DEU,Germany,2017,11.05091095
SH.XPD.CHEX.GD.ZS,Health expenditure (% of GDP),DEU,Germany,2018,11.18380833
SH.XPD.CHEX.GD.ZS,Health expenditure (% of GDP),DEU,Germany,2019,11.42805386
SH.XPD.CHEX.GD.ZS,Health expenditure (% of GDP),DEU,Germany,2020,12.46780777
SH.XPD.CHEX.GD.ZS,Health expenditure (% of GDP),DEU,Germany,2021,12.72403336
SH.XPD.CHEX.GD.ZS,Health expenditure (% of GDP),DEU,Germany,2022,12.44708347
SH.XPD.CHEX.GD.ZS,Health expenditure (% of GDP),DEU,Germany,2023,11.74428654
SH.XPD.CHEX.GD.ZS,Health expenditure (% of GDP),DEU,Germany,2024,12.26655293
SH.XPD.CHEX.GD.ZS,Health expenditure (% of GDP),JPN,Japan,2000,7.03456163
SH.XPD.CHEX.GD.ZS,Health expenditure (% of GDP),JPN,Japan,2001,7.23947906
SH.XPD.CHEX.GD.ZS,Health expenditure (% of GDP),JPN,Japan,2002,7.35235405
SH.XPD.CHEX.GD.ZS,Health expenditure (% of GDP),JPN,Japan,2003,7.48654842
SH.XPD.CHEX.GD.ZS,Health expenditure (% of GDP),JPN,Japan,2004,7.53518438
SH.XPD.CHEX.GD.ZS,Health expenditure (% of GDP),JPN,Japan,2005,7.65818596
SH.XPD.CHEX.GD.ZS,Health expenditure (% of GDP),JPN,Japan,2006,7.68688869
SH.XPD.CHEX.GD.ZS,Health expenditure (% of GDP),JPN,Japan,2007,7.77935696
SH.XPD.CHEX.GD.ZS,Health expenditure (% of GDP),JPN,Japan,2008,8.08909321
SH.XPD.CHEX.GD.ZS,Health expenditure (% of GDP),JPN,Japan,2009,8.9587822
SH.XPD.CHEX.GD.ZS,Health expenditure (% of GDP),JPN,Japan,2010,9.0630064
SH.XPD.CHEX.GD.ZS,Health expenditure (% of GDP),JPN,Japan,2011,10.48780155
SH.XPD.CHEX.GD.ZS,Health expenditure (% of GDP),JPN,Japan,2012,10.67169094
SH.XPD.CHEX.GD.ZS,Health expenditure (% of GDP),JPN,Japan,2013,10.67438698
SH.XPD.CHEX.GD.ZS,Health expenditure (% of GDP),JPN,Japan,2014,10.7290144
SH.XPD.CHEX.GD.ZS,Health expenditure (% of GDP),JPN,Japan,2015,10.74969959
SH.XPD.CHEX.GD.ZS,Health expenditure (% of GDP),JPN,Japan,2016,10.65891552
SH.XPD.CHEX.GD.ZS,Health expenditure (% of GDP),JPN,Japan,2017,10.65627098
SH.XPD.CHEX.GD.ZS,Health expenditure (% of GDP),JPN,Japan,2018,10.73988247
SH.XPD.CHEX.GD.ZS,Health expenditure (% of GDP),JPN,Japan,2019,10.96998405
SH.XPD.CHEX.GD.ZS,Health expenditure (% of GDP),JPN,Japan,2020,11.44974613
SH.XPD.CHEX.GD.ZS,Health expenditure (% of GDP),JPN,Japan,2021,12.08108234
SH.XPD.CHEX.GD.ZS,Health expenditure (% of GDP),JPN,Japan,2022,12.32275677
SH.XPD.CHEX.GD.ZS,Health expenditure (% of GDP),JPN,Japan,2023,10.73979473
SH.XPD.CHEX.GD.ZS,Health expenditure (% of GDP),GBR,United Kingdom,2000,7.14559078
SH.XPD.CHEX.GD.ZS,Health expenditure (% of GDP),GBR,United Kingdom,2001,7.43276882
SH.XPD.CHEX.GD.ZS,Health expenditure (% of GDP),GBR,United Kingdom,2002,7.85946798
SH.XPD.CHEX.GD.ZS,Health expenditure (% of GDP),GBR,United Kingdom,2003,8.05214596
SH.XPD.CHEX.GD.ZS,Health expenditure (% of GDP),GBR,United Kingdom,2004,8.32219028
SH.XPD.CHEX.GD.ZS,Health expenditure (% of GDP),GBR,United Kingdom,2005,8.38108349
SH.XPD.CHEX.GD.ZS,Health expenditure (% of GDP),GBR,United Kingdom,2006,8.53970814
SH.XPD.CHEX.GD.ZS,Health expenditure (% of GDP),GBR,United Kingdom,2007,8.76035309
SH.XPD.CHEX.GD.ZS,Health expenditure (% of GDP),GBR,United Kingdom,2008,9.03295708
SH.XPD.CHEX.GD.ZS,Health expenditure (% of GDP),GBR,United Kingdom,2009,9.83944035
SH.XPD.CHEX.GD.ZS,Health expenditure (% of GDP),GBR,United Kingdom,2010,9.78799534
SH.XPD.CHEX.GD.ZS,Health expenditure (% of GDP),GBR,United Kingdom,2011,9.79682636
SH.XPD.CHEX.GD.ZS,Health expenditure (% of GDP),GBR,United Kingdom,2012,9.89332199
SH.XPD.CHEX.GD.ZS,Health expenditure (% of GDP),GBR,United Kingdom,2013,9.99087143
SH.XPD.CHEX.GD.ZS,Health expenditure (% of GDP),GBR,United Kingdom,2014,9.97686195
SH.XPD.CHEX.GD.ZS,Health expenditure (% of GDP),GBR,United Kingdom,2015,9.94044876
SH.XPD.CHEX.GD.ZS,Health expenditure (% of GDP),GBR,United Kingdom,2016,9.87085724
SH.XPD.CHEX.GD.ZS,Health expenditure (% of GDP),GBR,United Kingdom,2017,9.70468903
SH.XPD.CHEX.GD.ZS,Health expenditure (% of GDP),GBR,United Kingdom,2018,9.79496574
SH.XPD.CHEX.GD.ZS,Health expenditure (% of GDP),GBR,United Kingdom,2019,9.97954082
SH.XPD.CHEX.GD.ZS,Health expenditure (% of GDP),GBR,United Kingdom,2020,12.10388088
SH.XPD.CHEX.GD.ZS,Health expenditure (% of GDP),GBR,United Kingdom,2021,12.08347321
SH.XPD.CHEX.GD.ZS,Health expenditure (% of GDP),GBR,United Kingdom,2022,11.09679794
SH.XPD.CHEX.GD.ZS,Health expenditure (% of GDP),GBR,United Kingdom,2023,10.99128914
SH.XPD.CHEX.GD.ZS,Health expenditure (% of GDP),GBR,United Kingdom,2024,11.133358
SH.XPD.CHEX.GD.ZS,Health expenditure (% of GDP),USA,United States,2000,12.49002075
SH.XPD.CHEX.GD.ZS,Health expenditure (% of GDP),USA,United States,2001,13.16817093
SH.XPD.CHEX.GD.ZS,Health expenditure (% of GDP),USA,United States,2002,13.99535275
SH.XPD.CHEX.GD.ZS,Health expenditure (% of GDP),USA,United States,2003,14.50557518
SH.XPD.CHEX.GD.ZS,Health expenditure (% of GDP),USA,United States,2004,14.55123138
SH.XPD.CHEX.GD.ZS,Health expenditure (% of GDP),USA,United States,2005,14.57946205
SH.XPD.CHEX.GD.ZS,Health expenditure (% of GDP),USA,United States,2006,14.70878792
SH.XPD.CHEX.GD.ZS,Health expenditure (% of GDP),USA,United States,2007,14.91832542
SH.XPD.CHEX.GD.ZS,Health expenditure (% of GDP),USA,United States,2008,15.20723629
SH.XPD.CHEX.GD.ZS,Health expenditure (% of GDP),USA,United States,2009,16.20067596
SH.XPD.CHEX.GD.ZS,Health expenditure (% of GDP),USA,United States,2010,16.19722366
SH.XPD.CHEX.GD.ZS,Health expenditure (% of GDP),USA,United States,2011,16.14000511
SH.XPD.CHEX.GD.ZS,Health expenditure (% of GDP),USA,United States,2012,16.11975479
SH.XPD.CHEX.GD.ZS,Health expenditure (% of GDP),USA,United States,2013,15.95227051
SH.XPD.CHEX.GD.ZS,Health expenditure (% of GDP),USA,United States,2014,16.1415844
SH.XPD.CHEX.GD.ZS,Health expenditure (% of GDP),USA,United States,2015,16.40155411
SH.XPD.CHEX.GD.ZS,Health expenditure (% of GDP),USA,United States,2016,16.69203949
SH.XPD.CHEX.GD.ZS,Health expenditure (% of GDP),USA,United States,2017,16.63827515
SH.XPD.CHEX.GD.ZS,Health expenditure (% of GDP),USA,United States,2018,16.51312637
SH.XPD.CHEX.GD.ZS,Health expenditure (% of GDP),USA,United States,2019,16.54486084
SH.XPD.CHEX.GD.ZS,Health expenditure (% of GDP),USA,United States,2020,18.51597404
SH.XPD.CHEX.GD.ZS,Health expenditure (% of GDP),USA,United States,2021,17.35207748
SH.XPD.CHEX.GD.ZS,Health expenditure (% of GDP),USA,United States,2022,16.52875137
SH.XPD.CHEX.GD.ZS,Health expenditure (% of GDP),USA,United States,2023,16.69414902
SH.XPD.CHEX.PC.CD,Health expenditure per capita (current US$),CAN,Canada,2000,1988.15942383
SH.XPD.CHEX.PC.CD,Health expenditure per capita (current US$),CAN,Canada,2001,2041.87512207
SH.XPD.CHEX.PC.CD,Health expenditure per capita (current US$),CAN,Canada,2002,2134.84960938
SH.XPD.CHEX.PC.CD,Health expenditure per capita (current US$),CAN,Canada,2003,2534.86474609
SH.XPD.CHEX.PC.CD,Health expenditure per capita (current US$),CAN,Canada,2004,2896.19335938
SH.XPD.CHEX.PC.CD,Health expenditure per capita (current US$),CAN,Canada,2005,3268.46850586
SH.XPD.CHEX.PC.CD,Health expenditure per capita (current US$),CAN,Canada,2006,3758.35961914
SH.XPD.CHEX.PC.CD,Health expenditure per capita (current US$),CAN,Canada,2007,4187.87255859
SH.XPD.CHEX.PC.CD,Health expenditure per capita (current US$),CAN,Canada,2008,4454.11621094
SH.XPD.CHEX.PC.CD,Health expenditure per capita (current US$),CAN,Canada,2009,4355.83056641
SH.XPD.CHEX.PC.CD,Health expenditure per capita (current US$),CAN,Canada,2010,5060.88818359
SH.XPD.CHEX.PC.CD,Health expenditure per capita (current US$),CAN,Canada,2011,5399.98779297
SH.XPD.CHEX.PC.CD,Health expenditure per capita (current US$),CAN,Canada,2012,5518.5703125
SH.XPD.CHEX.PC.CD,Health expenditure per capita (current US$),CAN,Canada,2013,5460.03173828
SH.XPD.CHEX.PC.CD,Health expenditure per capita (current US$),CAN,Canada,2014,5209.93164063
SH.XPD.CHEX.PC.CD,Health expenditure per capita (current US$),CAN,Canada,2015,4658.83789063
SH.XPD.CHEX.PC.CD,Health expenditure per capita (current US$),CAN,Canada,2016,4647.14892578
SH.XPD.CHEX.PC.CD,Health expenditure per capita (current US$),CAN,Canada,2017,4894.7734375
SH.XPD.CHEX.PC.CD,Health expenditure per capita (current US$),CAN,Canada,2018,5052.90185547
SH.XPD.CHEX.PC.CD,Health expenditure per capita (current US$),CAN,Canada,2019,5098.88720703
SH.XPD.CHEX.PC.CD,Health expenditure per capita (current US$),CAN,Canada,2020,5646.19433594
SH.XPD.CHEX.PC.CD,Health expenditure per capita (current US$),CAN,Canada,2021,6511.46972656
SH.XPD.CHEX.PC.CD,Health expenditure per capita (current US$),CAN,Canada,2022,6252.34033203
SH.XPD.CHEX.PC.CD,Health expenditure per capita (current US$),CAN,Canada,2023,6186.65234375
SH.XPD.CHEX.PC.CD,Health expenditure per capita (current US$),CAN,Canada,2024,6377.96875
SH.XPD.CHEX.PC.CD,Health expenditure per capita (current US$),FRA,France,2000,2161.85302734
SH.XPD.CHEX.PC.CD,Health expenditure per capita (current US$),FRA,France,2001,2192.71557617
SH.XPD.CHEX.PC.CD,Health expenditure per capita (current US$),FRA,France,2002,2449.75830078
SH.XPD.CHEX.PC.CD,Health expenditure per capita (current US$),FRA,France,2003,3006.3059082
SH.XPD.CHEX.PC.CD,Health expenditure per capita (current US$),FRA,France,2004,3458.62744141
SH.XPD.CHEX.PC.CD,Health expenditure per capita (current US$),FRA,France,2005,3575.02514648
SH.XPD.CHEX.PC.CD,Health expenditure per capita (current US$),FRA,France,2006,3811.55175781
SH.XPD.CHEX.PC.CD,Health expenditure per capita (current US$),FRA,France,2007,4312.31054688
SH.XPD.CHEX.PC.CD,Health expenditure per capita (current US$),FRA,France,2008,4807.37451172
SH.XPD.CHEX.PC.CD,Health expenditure per capita (current US$),FRA,France,2009,4737.578125
SH.XPD.CHEX.PC.CD,Health expenditure per capita (current US$),FRA,France,2010,4593.66308594
SH.XPD.CHEX.PC.CD,Health expenditure per capita (current US$),FRA,France,2011,4936.95605469
SH.XPD.CHEX.PC.CD,Health expenditure per capita (current US$),FRA,France,2012,4659.92431641
SH.XPD.CHEX.PC.CD,Health expenditure per capita (current US$),FRA,France,2013,4884.71582031
SH.XPD.CHEX.PC.CD,Health expenditure per capita (current US$),FRA,France,2014,5007.29736328
SH.XPD.CHEX.PC.CD,Health expenditure per capita (current US$),FRA,France,2015,4226.62646484
SH.XPD.CHEX.PC.CD,Health expenditure per capita (current US$),FRA,France,2016,4289.34716797
SH.XPD.CHEX.PC.CD,Health expenditure per capita (current US$),FRA,France,2017,4436.63720703
SH.XPD.CHEX.PC.CD,Health expenditure per capita (current US$),FRA,France,2018,4692.99511719
SH.XPD.CHEX.PC.CD,Health expenditure per capita (current US$),FRA,France,2019,4519.98583984
SH.XPD.CHEX.PC.CD,Health expenditure per capita (current US$),FRA,France,2020,4760.08251953
SH.XPD.CHEX.PC.CD,Health expenditure per capita (current US$),FRA,France,2021,5364.89746094
SH.XPD.CHEX.PC.CD,Health expenditure per capita (current US$),FRA,France,2022,4857.73388672
SH.XPD.CHEX.PC.CD,Health expenditure per capita (current US$),FRA,France,2023,5149.0546875
SH.XPD.CHEX.PC.CD,Health expenditure per capita (current US$),FRA,France,2024,5327.43359375
SH.XPD.CHEX.PC.CD,Health expenditure per capita (current US$),DEU,Germany,2000,2336.36230469
SH.XPD.CHEX.PC.CD,Health expenditure per capita (current US$),DEU,Germany,2001,2338.12231445
SH.XPD.CHEX.PC.CD,Health expenditure per capita (current US$),DEU,Germany,2002,2557.53564453
SH.XPD.CHEX.PC.CD,Health expenditure per capita (current US$),DEU,Germany,2003,3139.36328125
SH.XPD.CHEX.PC.CD,Health expenditure per capita (current US$),DEU,Germany,2004,3447.26977539
SH.XPD.CHEX.PC.CD,Health expenditure per capita (current US$),DEU,Germany,2005,3544.56616211
SH.XPD.CHEX.PC.CD,Health expenditure per capita (current US$),DEU,Germany,2006,3681.3659668
SH.XPD.CHEX.PC.CD,Health expenditure per capita (current US$),DEU,Germany,2007,4162.6875
SH.XPD.CHEX.PC.CD,Health expenditure per capita (current US$),DEU,Germany,2008,4647.31005859
SH.XPD.CHEX.PC.CD,Health expenditure per capita (current US$),DEU,Germany,2009,4655.171875
SH.XPD.CHEX.PC.CD,Health expenditure per capita (current US$),DEU,Germany,2010,4592.07128906
SH.XPD.CHEX.PC.CD,Health expenditure per capita (current US$),DEU,Germany,2011,5016.23583984
SH.XPD.CHEX.PC.CD,Health expenditure per capita (current US$),DEU,Germany,2012,4744.87011719
SH.XPD.CHEX.PC.CD,Health expenditure per capita (current US$),DEU,Germany,2013,5080.62402344
SH.XPD.CHEX.PC.CD,Health expenditure per capita (current US$),DEU,Germany,2014,5287.34423828
SH.XPD.CHEX.PC.CD,Health expenditure per capita (current US$),DEU,Germany,2015,4605.59033203
SH.XPD.CHEX.PC.CD,Health expenditure per capita (current US$),DEU,Germany,2016,4723.32421875
SH.XPD.CHEX.PC.CD,Health expenditure per capita (current US$),DEU,Germany,2017,5039.35302734
SH.XPD.CHEX.PC.CD,Health expenditure per capita (current US$),DEU,Germany,2018,5473.55712891
SH.XPD.CHEX.PC.CD,Health expenditure per capita (current US$),DEU,Germany,2019,5447.31787109
SH.XPD.CHEX.PC.CD,Health expenditure per capita (current US$),DEU,Germany,2020,5906.80615234
SH.XPD.CHEX.PC.CD,Health expenditure per capita (current US$),DEU,Germany,2021,6653.58349609
SH.XPD.CHEX.PC.CD,Health expenditure per capita (current US$),DEU,Germany,2022,6226.14208984
SH.XPD.CHEX.PC.CD,Health expenditure per capita (current US$),DEU,Germany,2023,6394.62255859
SH.XPD.CHEX.PC.CD,Health expenditure per capita (current US$),DEU,Germany,2024,6849.26367188
SH.XPD.CHEX.PC.CD,Health expenditure per capita (current US$),JPN,Japan,2000,2751.38452148
SH.XPD.CHEX.PC.CD,Health expenditure per capita (current US$),JPN,Japan,2001,2488.65185547
SH.XPD.CHEX.PC.CD,Health expenditure per capita (current US$),JPN,Japan,2002,2412.35131836
SH.XPD.CHEX.PC.CD,Health expenditure per capita (current US$),JPN,Japan,2003,2650.23852539
SH.XPD.CHEX.PC.CD,Health expenditure per capita (current US$),JPN,Japan,2004,2884.67358398
SH.XPD.CHEX.PC.CD,Health expenditure per capita (current US$),JPN,Japan,2005,2892.60473633
SH.XPD.CHEX.PC.CD,Health expenditure per capita (current US$),JPN,Japan,2006,2763.53344727
SH.XPD.CHEX.PC.CD,Health expenditure per capita (current US$),JPN,Japan,2007,2781.49365234
SH.XPD.CHEX.PC.CD,Health expenditure per capita (current US$),JPN,Japan,2008,3223.29101563
SH.XPD.CHEX.PC.CD,Health expenditure per capita (current US$),JPN,Japan,2009,3696.58422852
SH.XPD.CHEX.PC.CD,Health expenditure per capita (current US$),JPN,Japan,2010,4071.80200195
SH.XPD.CHEX.PC.CD,Health expenditure per capita (current US$),JPN,Japan,2011,5103.34326172
SH.XPD.CHEX.PC.CD,Health expenditure per capita (current US$),JPN,Japan,2012,5232.36279297
SH.XPD.CHEX.PC.CD,Health expenditure per capita (current US$),JPN,Japan,2013,4356.15527344
SH.XPD.CHEX.PC.CD,Health expenditure per capita (current US$),JPN,Japan,2014,4121.21142578
SH.XPD.CHEX.PC.CD,Health expenditure per capita (current US$),JPN,Japan,2015,3754.18115234
SH.XPD.CHEX.PC.CD,Health expenditure per capita (current US$),JPN,Japan,2016,4194.22802734
SH.XPD.CHEX.PC.CD,Health expenditure per capita (current US$),JPN,Japan,2017,4135.24316406
SH.XPD.CHEX.PC.CD,Health expenditure per capita (current US$),JPN,Japan,2018,4265.77929688
SH.XPD.CHEX.PC.CD,Health expenditure per capita (current US$),JPN,Japan,2019,4431.29980469
SH.XPD.CHEX.PC.CD,Health expenditure per capita (current US$),JPN,Japan,2020,4581.60986328
SH.XPD.CHEX.PC.CD,Health expenditure per capita (current US$),JPN,Japan,2021,4843.94433594
SH.XPD.CHEX.PC.CD,Health expenditure per capita (current US$),JPN,Japan,2022,4201.79248047
SH.XPD.CHEX.PC.CD,Health expenditure per capita (current US$),JPN,Japan,2023,3638.19287109
SH.XPD.CHEX.PC.CD,Health expenditure per capita (current US$),GBR,United Kingdom,2000,2020.96813965
SH.XPD.CHEX.PC.CD,Health expenditure per capita (current US$),GBR,United Kingdom,2001,2074.59936523
SH.XPD.CHEX.PC.CD,Health expenditure per capita (current US$),GBR,United Kingdom,2002,2364.04736328
SH.XPD.CHEX.PC.CD,Health expenditure per capita (current US$),GBR,United Kingdom,2003,2773.99414063
SH.XPD.CHEX.PC.CD,Health expenditure per capita (current US$),GBR,United Kingdom,2004,3361.65625
SH.XPD.CHEX.PC.CD,Health expenditure per capita (current US$),GBR,United Kingdom,2005,3528.16162109
SH.XPD.CHEX.PC.CD,Health expenditure per capita (current US$),GBR,United Kingdom,2006,3802.56347656
SH.XPD.CHEX.PC.CD,Health expenditure per capita (current US$),GBR,United Kingdom,2007,4415.51220703
SH.XPD.CHEX.PC.CD,Health expenditure per capita (current US$),GBR,United Kingdom,2008,4280.36083984
SH.XPD.CHEX.PC.CD,Health expenditure per capita (current US$),GBR,United Kingdom,2009,3813.02758789
SH.XPD.CHEX.PC.CD,Health expenditure per capita (current US$),GBR,United Kingdom,2010,3876.33911133
SH.XPD.CHEX.PC.CD,Health expenditure per capita (current US$),GBR,United Kingdom,2011,4123.70019531
SH.XPD.CHEX.PC.CD,Health expenditure per capita (current US$),GBR,United Kingdom,2012,4204.08300781
SH.XPD.CHEX.PC.CD,Health expenditure per capita (current US$),GBR,United Kingdom,2013,4340.16992188
SH.XPD.CHEX.PC.CD,Health expenditure per capita (current US$),GBR,United Kingdom,2014,4733.37060547
SH.XPD.CHEX.PC.CD,Health expenditure per capita (current US$),GBR,United Kingdom,2015,4470.09228516
SH.XPD.CHEX.PC.CD,Health expenditure per capita (current US$),GBR,United Kingdom,2016,4043.35253906
SH.XPD.CHEX.PC.CD,Health expenditure per capita (current US$),GBR,United Kingdom,2017,3938.65234375
SH.XPD.CHEX.PC.CD,Health expenditure per capita (current US$),GBR,United Kingdom,2018,4233.62988281
SH.XPD.CHEX.PC.CD,Health expenditure per capita (current US$),GBR,United Kingdom,2019,4260.03222656
SH.XPD.CHEX.PC.CD,Health expenditure per capita (current US$),GBR,United Kingdom,2020,4865.97802734
SH.XPD.CHEX.PC.CD,Health expenditure per capita (current US$),GBR,United Kingdom,2021,5645.40136719
SH.XPD.CHEX.PC.CD,Health expenditure per capita (current US$),GBR,United Kingdom,2022,5111.81738281
SH.XPD.CHEX.PC.CD,Health expenditure per capita (current US$),GBR,United Kingdom,2023,5407.17041016
SH.XPD.CHEX.PC.CD,Health expenditure per capita (current US$),GBR,United Kingdom,2024,5860.23925781
SH.XPD.CHEX.PC.CD,Health expenditure per capita (current US$),USA,United States,2000,4548.5546875
SH.XPD.CHEX.PC.CD,Health expenditure per capita (current US$),USA,United States,2001,4901.67529297
SH.XPD.CHEX.PC.CD,Health expenditure per capita (current US$),USA,United States,2002,5327.93701172
SH.XPD.CHEX.PC.CD,Health expenditure per capita (current US$),USA,United States,2003,5732.24365234
SH.XPD.CHEX.PC.CD,Health expenditure per capita (current US$),USA,United States,2004,6071.84423828
SH.XPD.CHEX.PC.CD,Health expenditure per capita (current US$),USA,United States,2005,6428.60205078
SH.XPD.CHEX.PC.CD,Health expenditure per capita (current US$),USA,United States,2006,6802.47509766
SH.XPD.CHEX.PC.CD,Health expenditure per capita (current US$),USA,United States,2007,7153.73144531
SH.XPD.CHEX.PC.CD,Health expenditure per capita (current US$),USA,United States,2008,7364.93847656
SH.XPD.CHEX.PC.CD,Health expenditure per capita (current US$),USA,United States,2009,7614.82421875
SH.XPD.CHEX.PC.CD,Health expenditure per capita (current US$),USA,United States,2010,7836.08837891
SH.XPD.CHEX.PC.CD,Health expenditure per capita (current US$),USA,United States,2011,8015.78076172
SH.XPD.CHEX.PC.CD,Health expenditure per capita (current US$),USA,United States,2012,8262.29296875
SH.XPD.CHEX.PC.CD,Health expenditure per capita (current US$),USA,United States,2013,8412.25195313
SH.XPD.CHEX.PC.CD,Health expenditure per capita (current US$),USA,United States,2014,8796.33886719
SH.XPD.CHEX.PC.CD,Health expenditure per capita (current US$),USA,United States,2015,9200.93164063
SH.XPD.CHEX.PC.CD,Health expenditure per capita (current US$),USA,United States,2016,9535.60058594
SH.XPD.CHEX.PC.CD,Health expenditure per capita (current US$),USA,United States,2017,9822.60644531
SH.XPD.CHEX.PC.CD,Health expenditure per capita (current US$),USA,United States,2018,10180.48242188
SH.XPD.CHEX.PC.CD,Health expenditure per capita (current US$),USA,United States,2019,10550.22070313
SH.XPD.CHEX.PC.CD,Health expenditure per capita (current US$),USA,United States,2020,11648.49511719
SH.XPD.CHEX.PC.CD,Health expenditure per capita (current US$),USA,United States,2021,12080.07324219
SH.XPD.CHEX.PC.CD,Health expenditure per capita (current US$),USA,United States,2022,12586.19628906
SH.XPD.CHEX.PC.CD,Health expenditure per capita (current US$),USA,United States,2023,13473.19335938
SH.MED.BEDS.ZS,"Hospital beds (per 1,000 people)",CAN,Canada,2000,3.75
SH.MED.BEDS.ZS,"Hospital beds (per 1,000 people)",CAN,Canada,2001,3.66
SH.MED.BEDS.ZS,"Hospital beds (per 1,000 people)",CAN,Canada,2002,3.62
SH.MED.BEDS.ZS,"Hospital beds (per 1,000 people)",CAN,Canada,2003,3.48
SH.MED.BEDS.ZS,"Hospital beds (per 1,000 people)",CAN,Canada,2004,3.42
SH.MED.BEDS.ZS,"Hospital beds (per 1,000 people)",CAN,Canada,2005,3.08
SH.MED.BEDS.ZS,"Hospital beds (per 1,000 people)",CAN,Canada,2006,3.0
SH.MED.BEDS.ZS,"Hospital beds (per 1,000 people)",CAN,Canada,2007,2.95
SH.MED.BEDS.ZS,"Hospital beds (per 1,000 people)",CAN,Canada,2008,2.83
SH.MED.BEDS.ZS,"Hospital beds (per 1,000 people)",CAN,Canada,2009,2.79
SH.MED.BEDS.ZS,"Hospital beds (per 1,000 people)",CAN,Canada,2010,2.77
SH.MED.BEDS.ZS,"Hospital beds (per 1,000 people)",CAN,Canada,2011,2.78
SH.MED.BEDS.ZS,"Hospital beds (per 1,000 people)",CAN,Canada,2012,2.77
SH.MED.BEDS.ZS,"Hospital beds (per 1,000 people)",CAN,Canada,2013,2.7
SH.MED.BEDS.ZS,"Hospital beds (per 1,000 people)",CAN,Canada,2014,2.66
SH.MED.BEDS.ZS,"Hospital beds (per 1,000 people)",CAN,Canada,2015,2.6
SH.MED.BEDS.ZS,"Hospital beds (per 1,000 people)",CAN,Canada,2016,2.58
SH.MED.BEDS.ZS,"Hospital beds (per 1,000 people)",CAN,Canada,2017,2.51
SH.MED.BEDS.ZS,"Hospital beds (per 1,000 people)",CAN,Canada,2018,2.54
SH.MED.BEDS.ZS,"Hospital beds (per 1,000 people)",CAN,Canada,2019,2.51
SH.MED.BEDS.ZS,"Hospital beds (per 1,000 people)",CAN,Canada,2020,2.54
SH.MED.BEDS.ZS,"Hospital beds (per 1,000 people)",CAN,Canada,2021,2.57
SH.MED.BEDS.ZS,"Hospital beds (per 1,000 people)",CAN,Canada,2022,2.54
SH.MED.BEDS.ZS,"Hospital beds (per 1,000 people)",FRA,France,2000,8.14
SH.MED.BEDS.ZS,"Hospital beds (per 1,000 people)",FRA,France,2001,8.0
SH.MED.BEDS.ZS,"Hospital beds (per 1,000 people)",FRA,France,2002,7.88
SH.MED.BEDS.ZS,"Hospital beds (per 1,000 people)",FRA,France,2003,7.71
SH.MED.BEDS.ZS,"Hospital beds (per 1,000 people)",FRA,France,2004,7.55
SH.MED.BEDS.ZS,"Hospital beds (per 1,000 people)",FRA,France,2005,7.39
SH.MED.BEDS.ZS,"Hospital beds (per 1,000 people)",FRA,France,2006,7.27
SH.MED.BEDS.ZS,"Hospital beds (per 1,000 people)",FRA,France,2007,7.22
SH.MED.BEDS.ZS,"Hospital beds (per 1,000 people)",FRA,France,2008,7.06
SH.MED.BEDS.ZS,"Hospital beds (per 1,000 people)",FRA,France,2009,6.81
SH.MED.BEDS.ZS,"Hospital beds (per 1,000 people)",FRA,France,2010,6.57
SH.MED.BEDS.ZS,"Hospital beds (per 1,000 people)",FRA,France,2011,6.5
SH.MED.BEDS.ZS,"Hospital beds (per 1,000 people)",FRA,France,2012,6.48
SH.MED.BEDS.ZS,"Hospital beds (per 1,000 people)",FRA,France,2013,6.41
SH.MED.BEDS.ZS,"Hospital beds (per 1,000 people)",FRA,France,2014,6.35
SH.MED.BEDS.ZS,"Hospital beds (per 1,000 people)",FRA,France,2015,6.28
SH.MED.BEDS.ZS,"Hospital beds (per 1,000 people)",FRA,France,2016,6.21
SH.MED.BEDS.ZS,"Hospital beds (per 1,000 people)",FRA,France,2017,6.12
SH.MED.BEDS.ZS,"Hospital beds (per 1,000 people)",FRA,France,2018,6.04
SH.MED.BEDS.ZS,"Hospital beds (per 1,000 people)",FRA,France,2019,5.96
SH.MED.BEDS.ZS,"Hospital beds (per 1,000 people)",FRA,France,2020,5.86
SH.MED.BEDS.ZS,"Hospital beds (per 1,000 people)",FRA,France,2021,5.77
SH.MED.BEDS.ZS,"Hospital beds (per 1,000 people)",FRA,France,2022,5.65
SH.MED.BEDS.ZS,"Hospital beds (per 1,000 people)",DEU,Germany,2000,9.16
SH.MED.BEDS.ZS,"Hospital beds (per 1,000 people)",DEU,Germany,2001,9.06
SH.MED.BEDS.ZS,"Hospital beds (per 1,000 people)",DEU,Germany,2002,8.92
SH.MED.BEDS.ZS,"Hospital beds (per 1,000 people)",DEU,Germany,2003,8.79
SH.MED.BEDS.ZS,"Hospital beds (per 1,000 people)",DEU,Germany,2004,8.62
SH.MED.BEDS.ZS,"Hospital beds (per 1,000 people)",DEU,Germany,2005,8.51
SH.MED.BEDS.ZS,"Hospital beds (per 1,000 people)",DEU,Germany,2006,8.37
SH.MED.BEDS.ZS,"Hospital beds (per 1,000 people)",DEU,Germany,2007,8.34
SH.MED.BEDS.ZS,"Hospital beds (per 1,000 people)",DEU,Germany,2008,8.31
SH.MED.BEDS.ZS,"Hospital beds (per 1,000 people)",DEU,Germany,2009,8.34
SH.MED.BEDS.ZS,"Hospital beds (per 1,000 people)",DEU,Germany,2010,8.34
SH.MED.BEDS.ZS,"Hospital beds (per 1,000 people)",DEU,Germany,2011,8.32
SH.MED.BEDS.ZS,"Hospital beds (per 1,000 people)",DEU,Germany,2012,8.29
SH.MED.BEDS.ZS,"Hospital beds (per 1,000 people)",DEU,Germany,2013,8.24
SH.MED.BEDS.ZS,"Hospital beds (per 1,000 people)",DEU,Germany,2014,8.19
SH.MED.BEDS.ZS,"Hospital beds (per 1,000 people)",DEU,Germany,2015,8.09
SH.MED.BEDS.ZS,"Hospital beds (per 1,000 people)",DEU,Germany,2016,8.02
SH.MED.BEDS.ZS,"Hospital beds (per 1,000 people)",DEU,Germany,2017,7.96
SH.MED.BEDS.ZS,"Hospital beds (per 1,000 people)",DEU,Germany,2018,7.94
SH.MED.BEDS.ZS,"Hospital beds (per 1,000 people)",DEU,Germany,2019,7.87
SH.MED.BEDS.ZS,"Hospital beds (per 1,000 people)",DEU,Germany,2020,7.77
SH.MED.BEDS.ZS,"Hospital beds (per 1,000 people)",DEU,Germany,2021,7.71
SH.MED.BEDS.ZS,"Hospital beds (per 1,000 people)",DEU,Germany,2022,7.64
SH.MED.BEDS.ZS,"Hospital beds (per 1,000 people)",DEU,Germany,2023,7.55
SH.MED.BEDS.ZS,"Hospital beds (per 1,000 people)",JPN,Japan,2000,14.67
SH.MED.BEDS.ZS,"Hospital beds (per 1,000 people)",JPN,Japan,2001,14.59
SH.MED.BEDS.ZS,"Hospital beds (per 1,000 people)",JPN,Japan,2002,14.43
SH.MED.BEDS.ZS,"Hospital beds (per 1,000 people)",JPN,Japan,2003,14.26
SH.MED.BEDS.ZS,"Hospital beds (per 1,000 people)",JPN,Japan,2004,14.18
SH.MED.BEDS.ZS,"Hospital beds (per 1,000 people)",JPN,Japan,2005,14.06
SH.MED.BEDS.ZS,"Hospital beds (per 1,000 people)",JPN,Japan,2006,13.96
SH.MED.BEDS.ZS,"Hospital beds (per 1,000 people)",JPN,Japan,2007,13.86
SH.MED.BEDS.ZS,"Hospital beds (per 1,000 people)",JPN,Japan,2008,13.7
SH.MED.BEDS.ZS,"Hospital beds (per 1,000 people)",JPN,Japan,2009,13.6
SH.MED.BEDS.ZS,"Hospital beds (per 1,000 people)",JPN,Japan,2010,13.5
SH.MED.BEDS.ZS,"Hospital beds (per 1,000 people)",JPN,Japan,2011,13.37
SH.MED.BEDS.ZS,"Hospital beds (per 1,000 people)",JPN,Japan,2012,13.32
SH.MED.BEDS.ZS,"Hospital beds (per 1,000 people)",JPN,Japan,2013,13.27
SH.MED.BEDS.ZS,"Hospital beds (per 1,000 people)",JPN,Japan,2014,13.18
SH.MED.BEDS.ZS,"Hospital beds (per 1,000 people)",JPN,Japan,2015,13.15
SH.MED.BEDS.ZS,"Hospital beds (per 1,000 people)",JPN,Japan,2016,13.09
SH.MED.BEDS.ZS,"Hospital beds (per 1,000 people)",JPN,Japan,2017,13.01
SH.MED.BEDS.ZS,"Hospital beds (per 1,000 people)",JPN,Japan,2018,12.93
SH.MED.BEDS.ZS,"Hospital beds (per 1,000 people)",JPN,Japan,2019,12.79
SH.MED.BEDS.ZS,"Hospital beds (per 1,000 people)",JPN,Japan,2020,12.62
SH.MED.BEDS.ZS,"Hospital beds (per 1,000 people)",JPN,Japan,2021,12.6
SH.MED.BEDS.ZS,"Hospital beds (per 1,000 people)",JPN,Japan,2022,12.59
SH.MED.BEDS.ZS,"Hospital beds (per 1,000 people)",GBR,United Kingdom,2000,4.07
SH.MED.BEDS.ZS,"Hospital beds (per 1,000 people)",GBR,United Kingdom,2001,4.03
SH.MED.BEDS.ZS,"Hospital beds (per 1,000 people)",GBR,United Kingdom,2002,3.97
SH.MED.BEDS.ZS,"Hospital beds (per 1,000 people)",GBR,United Kingdom,2003,3.94
SH.MED.BEDS.ZS,"Hospital beds (per 1,000 people)",GBR,United Kingdom,2004,3.85
SH.MED.BEDS.ZS,"Hospital beds (per 1,000 people)",GBR,United Kingdom,2005,3.71
SH.MED.BEDS.ZS,"Hospital beds (per 1,000 people)",GBR,United Kingdom,2006,3.53
SH.MED.BEDS.ZS,"Hospital beds (per 1,000 people)",GBR,United Kingdom,2007,3.38
SH.MED.BEDS.ZS,"Hospital beds (per 1,000 people)",GBR,United Kingdom,2008,3.32
SH.MED.BEDS.ZS,"Hospital beds (per 1,000 people)",GBR,United Kingdom,2009,3.25
SH.MED.BEDS.ZS,"Hospital beds (per 1,000 people)",GBR,United Kingdom,2010,2.92
SH.MED.BEDS.ZS,"Hospital beds (per 1,000 people)",GBR,United Kingdom,2011,2.87
SH.MED.BEDS.ZS,"Hospital beds (per 1,000 people)",GBR,United Kingdom,2012,2.8
SH.MED.BEDS.ZS,"Hospital beds (per 1,000 people)",GBR,United Kingdom,2013,2.75
SH.MED.BEDS.ZS,"Hospital beds (per 1,000 people)",GBR,United Kingdom,2014,2.72
SH.MED.BEDS.ZS,"Hospital beds (per 1,000 people)",GBR,United Kingdom,2015,2.6
SH.MED.BEDS.ZS,"Hospital beds (per 1,000 people)",GBR,United Kingdom,2016,2.56
SH.MED.BEDS.ZS,"Hospital beds (per 1,000 people)",GBR,United Kingdom,2017,2.53
SH.MED.BEDS.ZS,"Hospital beds (per 1,000 people)",GBR,United Kingdom,2018,2.48
SH.MED.BEDS.ZS,"Hospital beds (per 1,000 people)",GBR,United Kingdom,2019,2.44
SH.MED.BEDS.ZS,"Hospital beds (per 1,000 people)",GBR,United Kingdom,2020,2.42
SH.MED.BEDS.ZS,"Hospital beds (per 1,000 people)",GBR,United Kingdom,2021,2.41
SH.MED.BEDS.ZS,"Hospital beds (per 1,000 people)",GBR,United Kingdom,2022,2.42
SH.MED.BEDS.ZS,"Hospital beds (per 1,000 people)",USA,United States,2000,3.49
SH.MED.BEDS.ZS,"Hospital beds (per 1,000 people)",USA,United States,2001,3.47
SH.MED.BEDS.ZS,"Hospital beds (per 1,000 people)",USA,United States,2002,3.4
SH.MED.BEDS.ZS,"Hospital beds (per 1,000 people)",USA,United States,2003,3.33
SH.MED.BEDS.ZS,"Hospital beds (per 1,000 people)",USA,United States,2004,3.26
SH.MED.BEDS.ZS,"Hospital beds (per 1,000 people)",USA,United States,2005,3.2
SH.MED.BEDS.ZS,"Hospital beds (per 1,000 people)",USA,United States,2006,3.17
SH.MED.BEDS.ZS,"Hospital beds (per 1,000 people)",USA,United States,2007,3.13
SH.MED.BEDS.ZS,"Hospital beds (per 1,000 people)",USA,United States,2008,3.12
SH.MED.BEDS.ZS,"Hospital beds (per 1,000 people)",USA,United States,2009,3.07
SH.MED.BEDS.ZS,"Hospital beds (per 1,000 people)",USA,United States,2010,3.03
SH.MED.BEDS.ZS,"Hospital beds (per 1,000 people)",USA,United States,2011,2.94
SH.MED.BEDS.ZS,"Hospital beds (per 1,000 people)",USA,United States,2012,2.9
SH.MED.BEDS.ZS,"Hospital beds (per 1,000 people)",USA,United States,2013,2.86
SH.MED.BEDS.ZS,"Hospital beds (per 1,000 people)",USA,United States,2014,2.79
SH.MED.BEDS.ZS,"Hospital beds (per 1,000 people)",USA,United States,2015,2.75
SH.MED.BEDS.ZS,"Hospital beds (per 1,000 people)",USA,United States,2016,2.72
SH.MED.BEDS.ZS,"Hospital beds (per 1,000 people)",USA,United States,2017,2.8
SH.MED.BEDS.ZS,"Hospital beds (per 1,000 people)",USA,United States,2018,2.76
SH.MED.BEDS.ZS,"Hospital beds (per 1,000 people)",USA,United States,2019,2.72
SH.MED.BEDS.ZS,"Hospital beds (per 1,000 people)",USA,United States,2020,2.71
SH.MED.BEDS.ZS,"Hospital beds (per 1,000 people)",USA,United States,2021,2.7
SH.MED.BEDS.ZS,"Hospital beds (per 1,000 people)",USA,United States,2022,2.68
SP.DYN.LE00.IN,Life expectancy at birth (years),CAN,Canada,2000,79.1668292682927
SP.DYN.LE00.IN,Life expectancy at birth (years),CAN,Canada,2001,79.3980487804878
SP.DYN.LE00.IN,Life expectancy at birth (years),CAN,Canada,2002,79.5307317073171
SP.DYN.LE00.IN,Life expectancy at birth (years),CAN,Canada,2003,79.7151219512195
SP.DYN.LE00.IN,Life expectancy at birth (years),CAN,Canada,2004,79.9921951219512
SP.DYN.LE00.IN,Life expectancy at birth (years),CAN,Canada,2005,80.1126829268293
SP.DYN.LE00.IN,Life expectancy at birth (years),CAN,Canada,2006,80.5436585365854
SP.DYN.LE00.IN,Life expectancy at birth (years),CAN,Canada,2007,80.5436585365854
SP.DYN.LE00.IN,Life expectancy at birth (years),CAN,Canada,2008,80.7246341463415
SP.DYN.LE00.IN,Life expectancy at birth (years),CAN,Canada,2009,81.0660975609756
SP.DYN.LE00.IN,Life expectancy at birth (years),CAN,Canada,2010,81.3221951219512
SP.DYN.LE00.IN,Life expectancy at birth (years),CAN,Canada,2011,81.4826829268293
SP.DYN.LE00.IN,Life expectancy at birth (years),CAN,Canada,2012,81.6636585365854
SP.DYN.LE00.IN,Life expectancy at birth (years),CAN,Canada,2013,81.7448780487805
SP.DYN.LE00.IN,Life expectancy at birth (years),CAN,Canada,2014,81.7843902439025
SP.DYN.LE00.IN,Life expectancy at birth (years),CAN,Canada,2015,81.8258536585366
SP.DYN.LE00.IN,Life expectancy at birth (years),CAN,Canada,2016,81.94
SP.DYN.LE00.IN,Life expectancy at birth (years),CAN,Canada,2017,81.8078048780488
SP.DYN.LE00.IN,Life expectancy at birth (years),CAN,Canada,2018,81.8036585365854
SP.DYN.LE00.IN,Life expectancy at birth (years),CAN,Canada,2019,82.1585365853659
SP.DYN.LE00.IN,Life expectancy at birth (years),CAN,Canada,2020,81.53
SP.DYN.LE00.IN,Life expectancy at birth (years),CAN,Canada,2021,81.4514634146342
SP.DYN.LE00.IN,Life expectancy at birth (years),CAN,Canada,2022,81.0948780487805
SP.DYN.LE00.IN,Life expectancy at birth (years),CAN,Canada,2023,81.6263414634146
SP.DYN.LE00.IN,Life expectancy at birth (years),CAN,Canada,2024,82.1080487804878
SP.DYN.LE00.IN,Life expectancy at birth (years),FRA,France,2000,79.0560975609756
SP.DYN.LE00.IN,Life expectancy at birth (years),FRA,France,2001,79.1585365853659
SP.DYN.LE00.IN,Life expectancy at birth (years),FRA,France,2002,79.2609756097561
SP.DYN.LE00.IN,Life expectancy at birth (years),FRA,France,2003,79.1146341463415
SP.DYN.LE00.IN,Life expectancy at birth (years),FRA,France,2004,80.1634146341463
SP.DYN.LE00.IN,Life expectancy at birth (years),FRA,France,2005,80.1634146341463
SP.DYN.LE00.IN,Life expectancy at birth (years),FRA,France,2006,80.8121951219512
SP.DYN.LE00.IN,Life expectancy at birth (years),FRA,France,2007,81.1121951219512
SP.DYN.LE00.IN,Life expectancy at birth (years),FRA,France,2008,81.2146341463415
SP.DYN.LE00.IN,Life expectancy at birth (years),FRA,France,2009,81.4146341463415
SP.DYN.LE00.IN,Life expectancy at birth (years),FRA,France,2010,81.6634146341463
SP.DYN.LE00.IN,Life expectancy at birth (years),FRA,France,2011,82.1146341463415
SP.DYN.LE00.IN,Life expectancy at birth (years),FRA,France,2012,81.9682926829268
SP.DYN.LE00.IN,Life expectancy at birth (years),FRA,France,2013,82.219512195122
SP.DYN.LE00.IN,Life expectancy at birth (years),FRA,France,2014,82.719512195122
SP.DYN.LE00.IN,Life expectancy at birth (years),FRA,France,2015,82.3219512195122
SP.DYN.LE00.IN,Life expectancy at birth (years),FRA,France,2016,82.5731707317073
SP.DYN.LE00.IN,Life expectancy at birth (years),FRA,France,2017,82.5756097560976
SP.DYN.LE00.IN,Life expectancy at birth (years),FRA,France,2018,82.6756097560976
SP.DYN.LE00.IN,Life expectancy at birth (years),FRA,France,2019,82.8268292682927
SP.DYN.LE00.IN,Life expectancy at birth (years),FRA,France,2020,82.1756097560976
SP.DYN.LE00.IN,Life expectancy at birth (years),FRA,France,2021,82.3243902439024
SP.DYN.LE00.IN,Life expectancy at birth (years),FRA,France,2022,82.1292682926829
SP.DYN.LE00.IN,Life expectancy at birth (years),FRA,France,2023,82.8317073170732
SP.DYN.LE00.IN,Life expectancy at birth (years),FRA,France,2024,82.9804878048781
SP.DYN.LE00.IN,Life expectancy at birth (years),DEU,Germany,2000,77.9268292682927
SP.DYN.LE00.IN,Life expectancy at birth (years),DEU,Germany,2001,78.3292682926829
SP.DYN.LE00.IN,Life expectancy at birth (years),DEU,Germany,2002,78.2292682926829
SP.DYN.LE00.IN,Life expectancy at birth (years),DEU,Germany,2003,78.3804878048781
SP.DYN.LE00.IN,Life expectancy at birth (years),DEU,Germany,2004,78.6804878048781
SP.DYN.LE00.IN,Life expectancy at birth (years),DEU,Germany,2005,78.9317073170732
SP.DYN.LE00.IN,Life expectancy at birth (years),DEU,Germany,2006,79.1317073170732
SP.DYN.LE00.IN,Life expectancy at birth (years),DEU,Germany,2007,79.5341463414634
SP.DYN.LE00.IN,Life expectancy at birth (years),DEU,Germany,2008,79.7365853658537
SP.DYN.LE00.IN,Life expectancy at birth (years),DEU,Germany,2009,79.8365853658537
SP.DYN.LE00.IN,Life expectancy at birth (years),DEU,Germany,2010,79.9878048780488
SP.DYN.LE00.IN,Life expectancy at birth (years),DEU,Germany,2011,80.4365853658537
SP.DYN.LE00.IN,Life expectancy at birth (years),DEU,Germany,2012,80.5390243902439
SP.DYN.LE00.IN,Life expectancy at birth (years),DEU,Germany,2013,80.490243902439
SP.DYN.LE00.IN,Life expectancy at birth (years),DEU,Germany,2014,81.090243902439
SP.DYN.LE00.IN,Life expectancy at birth (years),DEU,Germany,2015,80.6414634146341
SP.DYN.LE00.IN,Life expectancy at birth (years),DEU,Germany,2016,80.990243902439
SP.DYN.LE00.IN,Life expectancy at birth (years),DEU,Germany,2017,80.9926829268293
SP.DYN.LE00.IN,Life expectancy at birth (years),DEU,Germany,2018,80.8926829268293
SP.DYN.LE00.IN,Life expectancy at birth (years),DEU,Germany,2019,81.2926829268293
SP.DYN.LE00.IN,Life expectancy at birth (years),DEU,Germany,2020,81.0414634146342
SP.DYN.LE00.IN,Life expectancy at birth (years),DEU,Germany,2021,80.790243902439
SP.DYN.LE00.IN,Life expectancy at birth (years),DEU,Germany,2022,80.6080487804878
SP.DYN.LE00.IN,Life expectancy at birth (years),DEU,Germany,2023,81.0414634146342
SP.DYN.LE00.IN,Life expectancy at birth (years),DEU,Germany,2024,80.7926829268293
SP.DYN.LE00.IN,Life expectancy at birth (years),JPN,Japan,2000,81.0760975609756
SP.DYN.LE00.IN,Life expectancy at birth (years),JPN,Japan,2001,81.4163414634146
SP.DYN.LE00.IN,Life expectancy at birth (years),JPN,Japan,2002,81.6907317073171
SP.DYN.LE00.IN,Life expectancy at birth (years),JPN,Japan,2003,81.76
SP.DYN.LE00.IN,Life expectancy at birth (years),JPN,Japan,2004,82.030243902439
SP.DYN.LE00.IN,Life expectancy at birth (years),JPN,Japan,2005,81.9551219512195
SP.DYN.LE00.IN,Life expectancy at birth (years),JPN,Japan,2006,82.3219512195122
SP.DYN.LE00.IN,Life expectancy at birth (years),JPN,Japan,2007,82.5070731707317
SP.DYN.LE00.IN,Life expectancy at birth (years),JPN,Japan,2008,82.5875609756098
SP.DYN.LE00.IN,Life expectancy at birth (years),JPN,Japan,2009,82.9314634146342
SP.DYN.LE00.IN,Life expectancy at birth (years),JPN,Japan,2010,82.8426829268293
SP.DYN.LE00.IN,Life expectancy at birth (years),JPN,Japan,2011,82.5912195121951
SP.DYN.LE00.IN,Life expectancy at birth (years),JPN,Japan,2012,83.0960975609756
SP.DYN.LE00.IN,Life expectancy at birth (years),JPN,Japan,2013,83.3319512195122
SP.DYN.LE00.IN,Life expectancy at birth (years),JPN,Japan,2014,83.5878048780488
SP.DYN.LE00.IN,Life expectancy at birth (years),JPN,Japan,2015,83.7939024390244
SP.DYN.LE00.IN,Life expectancy at birth (years),JPN,Japan,2016,83.9848780487805
SP.DYN.LE00.IN,Life expectancy at birth (years),JPN,Japan,2017,84.099756097561
SP.DYN.LE00.IN,Life expectancy at birth (years),JPN,Japan,2018,84.2109756097561
SP.DYN.LE00.IN,Life expectancy at birth (years),JPN,Japan,2019,84.3563414634146
SP.DYN.LE00.IN,Life expectancy at birth (years),JPN,Japan,2020,84.56
SP.DYN.LE00.IN,Life expectancy at birth (years),JPN,Japan,2021,84.4456097560976
SP.DYN.LE00.IN,Life expectancy at birth (years),JPN,Japan,2022,83.9963414634146
SP.DYN.LE00.IN,Life expectancy at birth (years),JPN,Japan,2023,84.0412195121951
SP.DYN.LE00.IN,Life expectancy at birth (years),JPN,Japan,2024,84.0363414634146
SP.DYN.LE00.IN,Life expectancy at birth (years),GBR,United Kingdom,2000,77.7414634146342
SP.DYN.LE00.IN,Life expectancy at birth (years),GBR,United Kingdom,2001,77.9926829268293
SP.DYN.LE00.IN,Life expectancy at birth (years),GBR,United Kingdom,2002,78.1439024390244
SP.DYN.LE00.IN,Life expectancy at birth (years),GBR,United Kingdom,2003,78.4463414634146
SP.DYN.LE00.IN,Life expectancy at birth (years),GBR,United Kingdom,2004,78.7463414634146
SP.DYN.LE00.IN,Life expectancy at birth (years),GBR,United Kingdom,2005,79.0487804878049
SP.DYN.LE00.IN,Life expectancy at birth (years),GBR,United Kingdom,2006,79.2487804878049
SP.DYN.LE00.IN,Life expectancy at birth (years),GBR,United Kingdom,2007,79.4487804878049
SP.DYN.LE00.IN,Life expectancy at birth (years),GBR,United Kingdom,2008,79.6
SP.DYN.LE00.IN,Life expectancy at birth (years),GBR,United Kingdom,2009,80.0512195121951
SP.DYN.LE00.IN,Life expectancy at birth (years),GBR,United Kingdom,2010,80.4024390243902
SP.DYN.LE00.IN,Life expectancy at birth (years),GBR,United Kingdom,2011,80.9512195121951
SP.DYN.LE00.IN,Life expectancy at birth (years),GBR,United Kingdom,2012,80.9048780487805
SP.DYN.LE00.IN,Life expectancy at birth (years),GBR,United Kingdom,2013,81.0048780487805
SP.DYN.LE00.IN,Life expectancy at birth (years),GBR,United Kingdom,2014,81.3048780487805
SP.DYN.LE00.IN,Life expectancy at birth (years),GBR,United Kingdom,2015,80.9560975609756
SP.DYN.LE00.IN,Life expectancy at birth (years),GBR,United Kingdom,2016,81.1560975609756
SP.DYN.LE00.IN,Life expectancy at birth (years),GBR,United Kingdom,2017,81.2560975609756
SP.DYN.LE00.IN,Life expectancy at birth (years),GBR,United Kingdom,2018,81.2560975609756
SP.DYN.LE00.IN,Life expectancy at birth (years),GBR,United Kingdom,2019,81.3691219512195
SP.DYN.LE00.IN,Life expectancy at birth (years),GBR,United Kingdom,2020,80.331756097561
SP.DYN.LE00.IN,Life expectancy at birth (years),GBR,United Kingdom,2021,80.6473170731707
SP.DYN.LE00.IN,Life expectancy at birth (years),GBR,United Kingdom,2022,81.0112195121951
SP.DYN.LE00.IN,Life expectancy at birth (years),GBR,United Kingdom,2023,81.2380975609756
SP.DYN.LE00.IN,Life expectancy at birth (years),GBR,United Kingdom,2024,81.3868536585366
SP.DYN.LE00.IN,Life expectancy at birth (years),USA,United States,2000,76.6365853658537
SP.DYN.LE00.IN,Life expectancy at birth (years),USA,United States,2001,76.8365853658537
SP.DYN.LE00.IN,Life expectancy at birth (years),USA,United States,2002,76.9365853658537
SP.DYN.LE00.IN,Life expectancy at birth (years),USA,United States,2003,77.0365853658537
SP.DYN.LE00.IN,Life expectancy at birth (years),USA,United States,2004,77.4878048780488
SP.DYN.LE00.IN,Life expectancy at birth (years),USA,United States,2005,77.4878048780488
SP.DYN.LE00.IN,Life expectancy at birth (years),USA,United States,2006,77.6878048780488
SP.DYN.LE00.IN,Life expectancy at birth (years),USA,United States,2007,77.9878048780488
SP.DYN.LE00.IN,Life expectancy at birth (years),USA,United States,2008,78.0390243902439
SP.DYN.LE00.IN,Life expectancy at birth (years),USA,United States,2009,78.390243902439
SP.DYN.LE00.IN,Life expectancy at birth (years),USA,United States,2010,78.5414634146342
SP.DYN.LE00.IN,Life expectancy at birth (years),USA,United States,2011,78.6414634146341
SP.DYN.LE00.IN,Life expectancy at birth (years),USA,United States,2012,78.7414634146342
SP.DYN.LE00.IN,Life expectancy at birth (years),USA,United States,2013,78.7414634146342
SP.DYN.LE00.IN,Life expectancy at birth (years),USA,United States,2014,78.8414634146341
SP.DYN.LE00.IN,Life expectancy at birth (years),USA,United States,2015,78.690243902439
SP.DYN.LE00.IN,Life expectancy at birth (years),USA,United States,2016,78.5390243902439
SP.DYN.LE00.IN,Life expectancy at birth (years),USA,United States,2017,78.5390243902439
SP.DYN.LE00.IN,Life expectancy at birth (years),USA,United States,2018,78.6390243902439
SP.DYN.LE00.IN,Life expectancy at birth (years),USA,United States,2019,78.7878048780488
SP.DYN.LE00.IN,Life expectancy at birth (years),USA,United States,2020,76.9804878048781
SP.DYN.LE00.IN,Life expectancy at birth (years),USA,United States,2021,76.3292682926829
SP.DYN.LE00.IN,Life expectancy at birth (years),USA,United States,2022,77.4341463414634
SP.DYN.LE00.IN,Life expectancy at birth (years),USA,United States,2023,78.3853658536585
SP.DYN.LE00.IN,Life expectancy at birth (years),USA,United States,2024,78.890243902439
SH.MED.PHYS.ZS,"Physicians (per 1,000 people)",CAN,Canada,2001,1.8871
SH.MED.PHYS.ZS,"Physicians (per 1,000 people)",CAN,Canada,2002,1.8969
SH.MED.PHYS.ZS,"Physicians (per 1,000 people)",CAN,Canada,2004,1.8971
SH.MED.PHYS.ZS,"Physicians (per 1,000 people)",CAN,Canada,2006,1.9086
SH.MED.PHYS.ZS,"Physicians (per 1,000 people)",CAN,Canada,2008,1.959
SH.MED.PHYS.ZS,"Physicians (per 1,000 people)",CAN,Canada,2010,2.0384
SH.MED.PHYS.ZS,"Physicians (per 1,000 people)",CAN,Canada,2012,2.3962
SH.MED.PHYS.ZS,"Physicians (per 1,000 people)",CAN,Canada,2013,2.4509
SH.MED.PHYS.ZS,"Physicians (per 1,000 people)",CAN,Canada,2014,2.4961
SH.MED.PHYS.ZS,"Physicians (per 1,000 people)",CAN,Canada,2015,2.5388
SH.MED.PHYS.ZS,"Physicians (per 1,000 people)",CAN,Canada,2016,2.3105
SH.MED.PHYS.ZS,"Physicians (per 1,000 people)",CAN,Canada,2017,2.6102
SH.MED.PHYS.ZS,"Physicians (per 1,000 people)",CAN,Canada,2018,2.411
SH.MED.PHYS.ZS,"Physicians (per 1,000 people)",CAN,Canada,2019,2.418
SH.MED.PHYS.ZS,"Physicians (per 1,000 people)",CAN,Canada,2020,2.415
SH.MED.PHYS.ZS,"Physicians (per 1,000 people)",CAN,Canada,2021,2.444
SH.MED.PHYS.ZS,"Physicians (per 1,000 people)",CAN,Canada,2022,2.814
SH.MED.PHYS.ZS,"Physicians (per 1,000 people)",CAN,Canada,2023,2.819
SH.MED.PHYS.ZS,"Physicians (per 1,000 people)",FRA,France,2000,3.328
SH.MED.PHYS.ZS,"Physicians (per 1,000 people)",FRA,France,2001,3.358
SH.MED.PHYS.ZS,"Physicians (per 1,000 people)",FRA,France,2002,3.381
SH.MED.PHYS.ZS,"Physicians (per 1,000 people)",FRA,France,2003,3.396
SH.MED.PHYS.ZS,"Physicians (per 1,000 people)",FRA,France,2004,3.413
SH.MED.PHYS.ZS,"Physicians (per 1,000 people)",FRA,France,2005,3.413
SH.MED.PHYS.ZS,"Physicians (per 1,000 people)",FRA,France,2006,3.406
SH.MED.PHYS.ZS,"Physicians (per 1,000 people)",FRA,France,2007,3.388
SH.MED.PHYS.ZS,"Physicians (per 1,000 people)",FRA,France,2008,3.385
SH.MED.PHYS.ZS,"Physicians (per 1,000 people)",FRA,France,2009,3.339
SH.MED.PHYS.ZS,"Physicians (per 1,000 people)",FRA,France,2010,3.345
SH.MED.PHYS.ZS,"Physicians (per 1,000 people)",FRA,France,2011,3.124
SH.MED.PHYS.ZS,"Physicians (per 1,000 people)",FRA,France,2012,3.139
SH.MED.PHYS.ZS,"Physicians (per 1,000 people)",FRA,France,2013,3.156
SH.MED.PHYS.ZS,"Physicians (per 1,000 people)",FRA,France,2014,3.169
SH.MED.PHYS.ZS,"Physicians (per 1,000 people)",FRA,France,2015,3.184
SH.MED.PHYS.ZS,"Physicians (per 1,000 people)",FRA,France,2016,3.2
SH.MED.PHYS.ZS,"Physicians (per 1,000 people)",FRA,France,2017,3.217
SH.MED.PHYS.ZS,"Physicians (per 1,000 people)",FRA,France,2018,3.214
SH.MED.PHYS.ZS,"Physicians (per 1,000 people)",FRA,France,2019,3.243
SH.MED.PHYS.ZS,"Physicians (per 1,000 people)",FRA,France,2020,3.252
SH.MED.PHYS.ZS,"Physicians (per 1,000 people)",FRA,France,2021,3.264
SH.MED.PHYS.ZS,"Physicians (per 1,000 people)",FRA,France,2022,3.281
SH.MED.PHYS.ZS,"Physicians (per 1,000 people)",DEU,Germany,2000,3.263
SH.MED.PHYS.ZS,"Physicians (per 1,000 people)",DEU,Germany,2001,3.31
SH.MED.PHYS.ZS,"Physicians (per 1,000 people)",DEU,Germany,2002,3.338
SH.MED.PHYS.ZS,"Physicians (per 1,000 people)",DEU,Germany,2003,3.369
SH.MED.PHYS.ZS,"Physicians (per 1,000 people)",DEU,Germany,2004,3.392
SH.MED.PHYS.ZS,"Physicians (per 1,000 people)",DEU,Germany,2005,3.413
SH.MED.PHYS.ZS,"Physicians (per 1,000 people)",DEU,Germany,2006,3.465
SH.MED.PHYS.ZS,"Physicians (per 1,000 people)",DEU,Germany,2007,3.528
SH.MED.PHYS.ZS,"Physicians (per 1,000 people)",DEU,Germany,2008,3.584
SH.MED.PHYS.ZS,"Physicians (per 1,000 people)",DEU,Germany,2009,3.662
SH.MED.PHYS.ZS,"Physicians (per 1,000 people)",DEU,Germany,2010,3.757
SH.MED.PHYS.ZS,"Physicians (per 1,000 people)",DEU,Germany,2011,3.849
SH.MED.PHYS.ZS,"Physicians (per 1,000 people)",DEU,Germany,2012,3.922
SH.MED.PHYS.ZS,"Physicians (per 1,000 people)",DEU,Germany,2013,4.015
SH.MED.PHYS.ZS,"Physicians (per 1,000 people)",DEU,Germany,2014,4.088
SH.MED.PHYS.ZS,"Physicians (per 1,000 people)",DEU,Germany,2015,4.12
SH.MED.PHYS.ZS,"Physicians (per 1,000 people)",DEU,Germany,2016,4.166
SH.MED.PHYS.ZS,"Physicians (per 1,000 people)",DEU,Germany,2017,4.226
SH.MED.PHYS.ZS,"Physicians (per 1,000 people)",DEU,Germany,2018,4.287
SH.MED.PHYS.ZS,"Physicians (per 1,000 people)",DEU,Germany,2019,4.373
SH.MED.PHYS.ZS,"Physicians (per 1,000 people)",DEU,Germany,2020,4.443
SH.MED.PHYS.ZS,"Physicians (per 1,000 people)",DEU,Germany,2021,4.503
SH.MED.PHYS.ZS,"Physicians (per 1,000 people)",DEU,Germany,2022,4.534
SH.MED.PHYS.ZS,"Physicians (per 1,000 people)",JPN,Japan,2000,1.931
SH.MED.PHYS.ZS,"Physicians (per 1,000 people)",JPN,Japan,2002,1.976
SH.MED.PHYS.ZS,"Physicians (per 1,000 people)",JPN,Japan,2004,2.029
SH.MED.PHYS.ZS,"Physicians (per 1,000 people)",JPN,Japan,2006,2.082
SH.MED.PHYS.ZS,"Physicians (per 1,000 people)",JPN,Japan,2008,2.146
SH.MED.PHYS.ZS,"Physicians (per 1,000 people)",JPN,Japan,2010,2.212
SH.MED.PHYS.ZS,"Physicians (per 1,000 people)",JPN,Japan,2012,2.283
SH.MED.PHYS.ZS,"Physicians (per 1,000 people)",JPN,Japan,2014,2.354
SH.MED.PHYS.ZS,"Physicians (per 1,000 people)",JPN,Japan,2016,2.423
SH.MED.PHYS.ZS,"Physicians (per 1,000 people)",JPN,Japan,2018,2.485
SH.MED.PHYS.ZS,"Physicians (per 1,000 people)",JPN,Japan,2020,2.592
SH.MED.PHYS.ZS,"Physicians (per 1,000 people)",JPN,Japan,2022,2.649
SH.MED.PHYS.ZS,"Physicians (per 1,000 people)",GBR,United Kingdom,2000,1.987
SH.MED.PHYS.ZS,"Physicians (per 1,000 people)",GBR,United Kingdom,2001,2.036
SH.MED.PHYS.ZS,"Physicians (per 1,000 people)",GBR,United Kingdom,2002,2.107
SH.MED.PHYS.ZS,"Physicians (per 1,000 people)",GBR,United Kingdom,2003,2.194
SH.MED.PHYS.ZS,"Physicians (per 1,000 people)",GBR,United Kingdom,2004,2.324
SH.MED.PHYS.ZS,"Physicians (per 1,000 people)",GBR,United Kingdom,2005,2.4
SH.MED.PHYS.ZS,"Physicians (per 1,000 people)",GBR,United Kingdom,2006,2.45
SH.MED.PHYS.ZS,"Physicians (per 1,000 people)",GBR,United Kingdom,2007,2.481
SH.MED.PHYS.ZS,"Physicians (per 1,000 people)",GBR,United Kingdom,2008,2.559
SH.MED.PHYS.ZS,"Physicians (per 1,000 people)",GBR,United Kingdom,2009,2.642
SH.MED.PHYS.ZS,"Physicians (per 1,000 people)",GBR,United Kingdom,2010,2.645
SH.MED.PHYS.ZS,"Physicians (per 1,000 people)",GBR,United Kingdom,2011,2.682
SH.MED.PHYS.ZS,"Physicians (per 1,000 people)",GBR,United Kingdom,2012,2.69
SH.MED.PHYS.ZS,"Physicians (per 1,000 people)",GBR,United Kingdom,2013,2.702
SH.MED.PHYS.ZS,"Physicians (per 1,000 people)",GBR,United Kingdom,2014,2.738
SH.MED.PHYS.ZS,"Physicians (per 1,000 people)",GBR,United Kingdom,2015,2.767
SH.MED.PHYS.ZS,"Physicians (per 1,000 people)",GBR,United Kingdom,2016,2.773
SH.MED.PHYS.ZS,"Physicians (per 1,000 people)",GBR,United Kingdom,2017,2.802
SH.MED.PHYS.ZS,"Physicians (per 1,000 people)",GBR,United Kingdom,2018,2.828
SH.MED.PHYS.ZS,"Physicians (per 1,000 people)",GBR,United Kingdom,2019,2.932
SH.MED.PHYS.ZS,"Physicians (per 1,000 people)",GBR,United Kingdom,2020,3.028
SH.MED.PHYS.ZS,"Physicians (per 1,000 people)",GBR,United Kingdom,2021,3.16
SH.MED.PHYS.ZS,"Physicians (per 1,000 people)",GBR,United Kingdom,2022,3.143
SH.MED.PHYS.ZS,"Physicians (per 1,000 people)",GBR,United Kingdom,2023,3.301
SH.MED.PHYS.ZS,"Physicians (per 1,000 people)",USA,United States,2000,2.596
SH.MED.PHYS.ZS,"Physicians (per 1,000 people)",USA,United States,2004,2.711
SH.MED.PHYS.ZS,"Physicians (per 1,000 people)",USA,United States,2018,2.548
SH.MED.PHYS.ZS,"Physicians (per 1,000 people)",USA,United States,2019,3.482
SH.MED.PHYS.ZS,"Physicians (per 1,000 people)",USA,United States,2020,3.518
SH.MED.PHYS.ZS,"Physicians (per 1,000 people)",USA,United States,2021,3.575
SH.MED.PHYS.ZS,"Physicians (per 1,000 people)",USA,United States,2022,3.681
